Date,Rented Bike Count,Hour,Temperature(C),Humidity(%),Wind speed (m/s),Visibility (10m),Dew point temperature(C),Solar Radiation (MJ/m2),Rainfall(mm),Snowfall (cm),Seasons,Holiday,Functioning Day
2018-02-01,122,0,-5.2,56,1.4,1996,-12.6,0.0,0.0,1.6,Winter,No Holiday,Yes
2018-02-01,149,1,-5.4,54,1.7,1996,-13.2,0.0,0.0,1.6,Winter,No Holiday,Yes
2018-02-01,103,2,-5.5,53,2.1,1980,-13.5,0.0,0.0,1.6,Winter,No Holiday,Yes
2018-02-01,81,3,-6.2,57,1.6,1874,-13.3,0.0,0.0,1.6,Winter,No Holiday,Yes
2018-02-01,37,4,-7.1,56,1.8,1841,-14.4,0.0,0.0,1.6,Winter,No Holiday,Yes
2018-02-01,51,5,-7.8,65,2.3,1737,-13.2,0.0,0.0,1.6,Winter,No Holiday,Yes
2018-02-01,95,6,-8.1,59,0.7,1915,-14.7,0.0,0.0,1.6,Winter,No Holiday,Yes
2018-02-01,244,7,-8.7,64,0.5,1972,-14.2,0.0,0.0,1.6,Winter,No Holiday,Yes
2018-02-01,459,8,-8.6,59,1.0,1948,-15.1,0.01,0.0,1.6,Winter,No Holiday,Yes
2018-02-01,259,9,-7.9,50,0.6,1805,-16.5,0.23,0.0,1.6,Winter,No Holiday,Yes
2018-02-01,168,10,-5.0,41,0.5,1799,-16.2,0.64,0.0,1.5,Winter,No Holiday,Yes
2018-02-01,194,11,-2.6,33,1.5,1830,-16.6,0.95,0.0,1.4,Winter,No Holiday,Yes
2018-02-01,240,12,-1.1,31,1.3,1869,-16.1,1.2,0.0,1.3,Winter,No Holiday,Yes
2018-02-01,233,13,0.3,28,3.1,1988,-16.1,1.3,0.0,1.0,Winter,No Holiday,Yes
2018-02-01,256,14,0.8,23,3.2,2000,-18.0,1.29,0.0,0.5,Winter,No Holiday,Yes
2018-02-01,293,15,0.7,25,3.0,1987,-17.1,1.12,0.0,0.0,Winter,No Holiday,Yes
2018-02-01,268,16,1.1,26,2.1,1957,-16.3,0.82,0.0,0.0,Winter,No Holiday,Yes
2018-02-01,341,17,0.3,26,2.4,1977,-17.0,0.45,0.0,0.0,Winter,No Holiday,Yes
2018-02-01,542,18,-1.0,28,1.9,2000,-17.2,0.08,0.0,0.0,Winter,No Holiday,Yes
2018-02-01,344,19,-1.8,32,1.5,2000,-16.3,0.0,0.0,0.0,Winter,No Holiday,Yes
2018-02-01,263,20,-2.4,36,1.0,2000,-15.4,0.0,0.0,0.0,Winter,No Holiday,Yes
2018-02-01,257,21,-3.2,47,1.8,1917,-12.9,0.0,0.0,0.0,Winter,No Holiday,Yes
2018-02-01,235,22,-3.9,52,1.2,1871,-12.3,0.0,0.0,0.0,Winter,No Holiday,Yes
2018-02-01,143,23,-4.5,55,0.4,1908,-12.1,0.0,0.0,0.0,Winter,No Holiday,Yes
2018-02-02,138,0,-4.9,56,1.1,1982,-12.3,0.0,0.0,0.0,Winter,No Holiday,Yes
2018-02-02,159,1,-5.2,56,0.9,1973,-12.6,0.0,0.0,0.0,Winter,No Holiday,Yes
2018-02-02,102,2,-5.7,59,0.3,1951,-12.4,0.0,0.0,0.0,Winter,No Holiday,Yes
2018-02-02,65,3,-6.3,63,0.9,1425,-12.2,0.0,0.0,0.0,Winter,No Holiday,Yes
2018-02-02,47,4,-6.7,65,1.1,1705,-12.1,0.0,0.0,0.0,Winter,No Holiday,Yes
2018-02-02,48,5,-6.8,61,0.2,1724,-13.0,0.0,0.0,0.0,Winter,No Holiday,Yes
2018-02-02,115,6,-7.0,62,1.3,1830,-13.0,0.0,0.0,0.0,Winter,No Holiday,Yes
2018-02-02,267,7,-7.4,62,1.5,1909,-13.4,0.0,0.0,0.0,Winter,No Holiday,Yes
2018-02-02,558,8,-7.4,58,2.2,1882,-14.2,0.01,0.0,0.0,Winter,No Holiday,Yes
2018-02-02,280,9,-6.5,54,1.2,1541,-14.2,0.22,0.0,0.0,Winter,No Holiday,Yes
2018-02-02,187,10,-4.1,43,1.2,1187,-14.8,0.59,0.0,0.0,Winter,No Holiday,Yes
2018-02-02,234,11,-1.4,37,1.0,1317,-14.2,0.91,0.0,0.0,Winter,No Holiday,Yes
2018-02-02,303,12,0.9,37,1.5,1283,-12.1,1.12,0.0,0.0,Winter,No Holiday,Yes
2018-02-02,294,13,1.6,29,2.2,1662,-14.5,1.2,0.0,0.0,Winter,No Holiday,Yes
2018-02-02,293,14,3.2,26,2.2,1499,-14.5,1.16,0.0,0.0,Winter,No Holiday,Yes
2018-02-02,310,15,3.6,26,2.4,1687,-14.1,0.99,0.0,0.0,Winter,No Holiday,Yes
2018-02-02,330,16,2.9,26,3.0,1968,-14.7,0.69,0.0,0.0,Winter,No Holiday,Yes
2018-02-02,382,17,2.0,25,2.3,1998,-16.0,0.34,0.0,0.0,Winter,No Holiday,Yes
2018-02-02,592,18,0.5,37,3.0,1733,-12.5,0.06,0.0,0.0,Winter,No Holiday,Yes
2018-02-02,379,19,-0.5,43,2.5,1666,-11.5,0.0,0.0,0.0,Winter,No Holiday,Yes
2018-02-02,241,20,-1.3,51,2.4,1481,-10.1,0.0,0.0,0.0,Winter,No Holiday,Yes
2018-02-02,225,21,-2.0,61,1.7,1655,-8.5,0.0,0.0,0.0,Winter,No Holiday,Yes
2018-02-02,227,22,-2.4,63,1.3,1523,-8.4,0.0,0.0,0.0,Winter,No Holiday,Yes
2018-02-02,178,23,-2.6,69,2.0,1434,-7.5,0.0,0.0,0.0,Winter,No Holiday,Yes
2018-02-03,182,0,-2.5,69,2.2,1366,-7.4,0.0,0.0,0.0,Winter,No Holiday,Yes
2018-02-03,184,1,-2.3,71,3.2,1078,-6.8,0.0,0.0,0.0,Winter,No Holiday,Yes
2018-02-03,123,2,-3.4,82,4.2,184,-6.0,0.0,0.0,0.0,Winter,No Holiday,Yes
2018-02-03,60,3,-4.4,80,4.3,346,-7.3,0.0,0.1,0.1,Winter,No Holiday,Yes
2018-02-03,35,4,-5.6,74,4.0,387,-9.5,0.0,0.0,0.2,Winter,No Holiday,Yes
2018-02-03,31,5,-6.3,65,3.9,1521,-11.8,0.0,0.0,0.3,Winter,No Holiday,Yes
2018-02-03,33,6,-7.8,57,4.8,1867,-14.8,0.0,0.4,0.3,Winter,No Holiday,Yes
2018-02-03,67,7,-8.8,58,4.0,1942,-15.5,0.0,0.0,0.3,Winter,No Holiday,Yes
2018-02-03,116,8,-9.5,56,3.5,1979,-16.6,0.01,0.0,0.3,Winter,No Holiday,Yes
2018-02-03,168,9,-9.4,47,3.3,1995,-18.6,0.42,0.0,0.3,Winter,No Holiday,Yes
2018-02-03,144,10,-8.5,43,4.0,1797,-18.8,1.09,0.0,0.2,Winter,No Holiday,Yes
2018-02-03,195,11,-7.7,41,4.6,1984,-18.7,1.65,0.0,0.2,Winter,No Holiday,Yes
2018-02-03,192,12,-6.0,38,3.4,1930,-18.0,2.04,0.0,0.0,Winter,No Holiday,Yes
2018-02-03,229,13,-5.8,38,3.7,1961,-17.8,2.25,0.0,0.0,Winter,No Holiday,Yes
2018-02-03,196,14,-5.0,31,4.0,2000,-19.5,2.18,0.0,0.0,Winter,No Holiday,Yes
2018-02-03,210,15,-4.5,31,4.3,1979,-19.1,1.91,0.0,0.0,Winter,No Holiday,Yes
2018-02-03,205,16,-4.2,31,3.5,1974,-18.8,1.42,0.0,0.0,Winter,No Holiday,Yes
2018-02-03,211,17,-5.6,32,4.6,2000,-19.7,0.53,0.0,0.0,Winter,No Holiday,Yes
2018-02-03,175,18,-6.6,36,4.4,2000,-19.2,0.15,0.0,0.0,Winter,No Holiday,Yes
2018-02-03,135,19,-7.6,32,4.8,2000,-21.4,0.0,0.0,0.0,Winter,No Holiday,Yes
2018-02-03,109,20,-8.5,31,4.1,2000,-22.6,0.0,0.0,0.0,Winter,No Holiday,Yes
2018-02-03,107,21,-9.1,38,2.7,2000,-20.8,0.0,0.0,0.0,Winter,No Holiday,Yes
2018-02-03,92,22,-9.7,45,3.0,2000,-19.4,0.0,0.0,0.0,Winter,No Holiday,Yes
2018-02-03,91,23,-10.0,48,2.6,2000,-18.9,0.0,0.0,0.0,Winter,No Holiday,Yes
2018-02-04,98,0,-10.4,49,2.4,2000,-19.0,0.0,0.0,0.0,Winter,No Holiday,Yes
2018-02-04,90,1,-10.5,48,3.1,2000,-19.4,0.0,0.0,0.0,Winter,No Holiday,Yes
2018-02-04,60,2,-10.5,49,2.0,2000,-19.1,0.0,0.0,0.0,Winter,No Holiday,Yes
2018-02-04,54,3,-10.6,47,3.7,2000,-19.7,0.0,0.0,0.0,Winter,No Holiday,Yes
2018-02-04,35,4,-11.2,47,2.3,2000,-20.3,0.0,0.0,0.0,Winter,No Holiday,Yes
2018-02-04,21,5,-11.5,51,3.3,1996,-19.6,0.0,0.0,0.0,Winter,No Holiday,Yes
2018-02-04,23,6,-11.8,54,2.4,1917,-19.2,0.0,0.0,0.0,Winter,No Holiday,Yes
2018-02-04,34,7,-12.4,54,2.5,1790,-19.8,0.0,0.0,0.0,Winter,No Holiday,Yes
2018-02-04,70,8,-12.8,56,2.4,1507,-19.7,0.02,0.0,0.0,Winter,No Holiday,Yes
2018-02-04,97,9,-12.4,51,3.8,1415,-20.4,0.38,0.0,0.0,Winter,No Holiday,Yes
2018-02-04,103,10,-11.2,43,3.5,1359,-21.3,1.04,0.0,0.0,Winter,No Holiday,Yes
2018-02-04,115,11,-9.7,37,2.8,1436,-21.6,1.57,0.0,0.0,Winter,No Holiday,Yes
2018-02-04,165,12,-8.3,32,1.8,1295,-22.1,1.99,0.0,0.0,Winter,No Holiday,Yes
2018-02-04,152,13,-8.3,34,4.0,1561,-21.4,2.22,0.0,0.0,Winter,No Holiday,Yes
2018-02-04,177,14,-7.4,33,4.0,1713,-20.9,2.17,0.0,0.0,Winter,No Holiday,Yes
2018-02-04,190,15,-6.4,30,4.9,1939,-21.1,1.89,0.0,0.0,Winter,No Holiday,Yes
2018-02-04,181,16,-5.4,29,3.6,1979,-20.6,1.4,0.0,0.0,Winter,No Holiday,Yes
2018-02-04,184,17,-5.9,27,3.6,1974,-21.9,0.81,0.0,0.0,Winter,No Holiday,Yes
2018-02-04,154,18,-7.0,26,4.1,2000,-23.3,0.16,0.0,0.0,Winter,No Holiday,Yes
2018-02-04,124,19,-7.7,31,3.3,2000,-21.9,0.0,0.0,0.0,Winter,No Holiday,Yes
2018-02-04,98,20,-8.2,28,3.5,2000,-23.5,0.0,0.0,0.0,Winter,No Holiday,Yes
2018-02-04,107,21,-8.9,35,3.2,2000,-21.6,0.0,0.0,0.0,Winter,No Holiday,Yes
2018-02-04,78,22,-9.7,45,1.3,2000,-19.4,0.0,0.0,0.0,Winter,No Holiday,Yes
2018-02-04,77,23,-10.3,48,2.0,2000,-19.2,0.0,0.0,0.0,Winter,No Holiday,Yes
2018-02-05,82,0,-10.5,52,2.4,2000,-18.4,0.0,0.0,0.0,Winter,No Holiday,Yes
2018-02-05,52,1,-11.2,54,1.0,2000,-18.6,0.0,0.0,0.0,Winter,No Holiday,Yes
2018-02-05,39,2,-11.2,55,1.5,2000,-18.4,0.0,0.0,0.0,Winter,No Holiday,Yes
2018-02-05,33,3,-11.3,54,0.6,2000,-18.7,0.0,0.0,0.0,Winter,No Holiday,Yes
2018-02-05,20,4,-11.7,51,1.2,2000,-19.8,0.0,0.0,0.0,Winter,No Holiday,Yes
2018-02-05,37,5,-11.6,45,2.4,2000,-21.1,0.0,0.0,0.0,Winter,No Holiday,Yes
2018-02-05,110,6,-11.5,40,2.3,2000,-22.4,0.0,0.0,0.0,Winter,No Holiday,Yes
2018-02-05,227,7,-11.6,44,1.6,2000,-21.4,0.0,0.0,0.0,Winter,No Holiday,Yes
2018-02-05,433,8,-11.5,40,2.8,2000,-22.4,0.02,0.0,0.0,Winter,No Holiday,Yes
2018-02-05,216,9,-11.1,38,2.4,1945,-22.6,0.43,0.0,0.0,Winter,No Holiday,Yes
2018-02-05,123,10,-9.6,32,3.7,2000,-23.2,1.14,0.0,0.0,Winter,No Holiday,Yes
2018-02-05,156,11,-8.5,27,4.7,1894,-24.2,1.73,0.0,0.0,Winter,No Holiday,Yes
2018-02-05,157,12,-7.8,28,4.1,2000,-23.1,2.12,0.0,0.0,Winter,No Holiday,Yes
2018-02-05,169,13,-7.0,25,4.2,1999,-23.7,2.29,0.0,0.0,Winter,No Holiday,Yes
2018-02-05,170,14,-6.4,24,4.6,1970,-23.7,2.23,0.0,0.0,Winter,No Holiday,Yes
2018-02-05,169,15,-5.7,25,4.4,1995,-22.6,1.94,0.0,0.0,Winter,No Holiday,Yes
2018-02-05,199,16,-5.4,25,3.4,1985,-22.3,1.44,0.0,0.0,Winter,No Holiday,Yes
2018-02-05,225,17,-6.4,28,4.5,2000,-21.9,0.81,0.0,0.0,Winter,No Holiday,Yes
2018-02-05,388,18,-7.6,29,3.5,2000,-22.6,0.16,0.0,0.0,Winter,No Holiday,Yes
2018-02-05,246,19,-8.3,29,4.1,2000,-23.2,0.0,0.0,0.0,Winter,No Holiday,Yes
2018-02-05,206,20,-9.1,35,3.8,2000,-21.7,0.0,0.0,0.0,Winter,No Holiday,Yes
2018-02-05,177,21,-9.8,41,3.9,1949,-20.6,0.0,0.0,0.0,Winter,No Holiday,Yes
2018-02-05,183,22,-10.3,43,3.7,1876,-20.5,0.0,0.0,0.0,Winter,No Holiday,Yes
2018-02-05,115,23,-10.5,47,2.8,1794,-19.6,0.0,0.0,0.0,Winter,No Holiday,Yes
2018-02-06,126,0,-10.6,47,3.5,1803,-19.7,0.0,0.0,0.0,Winter,No Holiday,Yes
2018-02-06,87,1,-10.9,36,3.3,2000,-23.0,0.0,0.0,0.0,Winter,No Holiday,Yes
2018-02-06,59,2,-11.2,36,2.9,1981,-23.3,0.0,0.0,0.0,Winter,No Holiday,Yes
2018-02-06,36,3,-11.6,35,3.2,1992,-24.0,0.0,0.0,0.0,Winter,No Holiday,Yes
2018-02-06,32,4,-12.0,36,2.7,1998,-24.0,0.0,0.0,0.0,Winter,No Holiday,Yes
2018-02-06,40,5,-12.3,37,2.9,2000,-24.0,0.0,0.0,0.0,Winter,No Holiday,Yes
2018-02-06,94,6,-12.5,40,3.4,1991,-23.3,0.0,0.0,0.0,Winter,No Holiday,Yes
2018-02-06,213,7,-12.7,41,3.7,1982,-23.2,0.0,0.0,0.0,Winter,No Holiday,Yes
2018-02-06,438,8,-12.7,41,3.1,2000,-23.2,0.02,0.0,0.0,Winter,No Holiday,Yes
2018-02-06,217,9,-12.3,39,3.7,1984,-23.4,0.45,0.0,0.0,Winter,No Holiday,Yes
2018-02-06,128,10,-11.3,35,4.2,1848,-23.7,1.15,0.0,0.0,Winter,No Holiday,Yes
2018-02-06,175,11,-9.9,32,3.3,1863,-23.5,1.72,0.0,0.0,Winter,No Holiday,Yes
2018-02-06,172,12,-8.2,31,2.7,1858,-22.3,2.09,0.0,0.0,Winter,No Holiday,Yes
2018-02-06,165,13,-7.5,28,4.3,1904,-22.9,2.3,0.0,0.0,Winter,No Holiday,Yes
2018-02-06,147,14,-7.0,26,4.4,1986,-23.3,2.24,0.0,0.0,Winter,No Holiday,Yes
2018-02-06,171,15,-5.9,25,3.1,1936,-22.8,1.93,0.0,0.0,Winter,No Holiday,Yes
2018-02-06,175,16,-5.9,24,3.5,2000,-23.2,1.44,0.0,0.0,Winter,No Holiday,Yes
2018-02-06,227,17,-6.6,29,2.5,2000,-21.7,0.68,0.0,0.0,Winter,No Holiday,Yes
2018-02-06,392,18,-7.6,36,3.3,2000,-20.1,0.11,0.0,0.0,Winter,No Holiday,Yes
2018-02-06,251,19,-8.4,37,4.0,2000,-20.5,0.0,0.0,0.0,Winter,No Holiday,Yes
2018-02-06,193,20,-9.6,34,2.6,2000,-22.5,0.0,0.0,0.0,Winter,No Holiday,Yes
2018-02-06,175,21,-10.6,39,3.1,2000,-21.9,0.0,0.0,0.0,Winter,No Holiday,Yes
2018-02-06,169,22,-11.1,43,1.8,1960,-21.2,0.0,0.0,0.0,Winter,No Holiday,Yes
2018-02-06,106,23,-11.8,46,1.1,1860,-21.1,0.0,0.0,0.0,Winter,No Holiday,Yes
2018-02-07,116,0,-12.3,47,0.4,1848,-21.3,0.0,0.0,0.0,Winter,No Holiday,Yes
2018-02-07,96,1,-12.3,47,1.9,1837,-21.3,0.0,0.0,0.0,Winter,No Holiday,Yes
2018-02-07,83,2,-12.5,50,1.0,1722,-20.8,0.0,0.0,0.0,Winter,No Holiday,Yes
2018-02-07,51,3,-12.5,49,1.5,1885,-21.0,0.0,0.0,0.0,Winter,No Holiday,Yes
2018-02-07,34,4,-13.1,54,0.7,1369,-20.4,0.0,0.0,0.0,Winter,No Holiday,Yes
2018-02-07,45,5,-13.0,53,0.7,1810,-20.5,0.0,0.0,0.0,Winter,No Holiday,Yes
2018-02-07,92,6,-13.2,50,0.5,1873,-21.4,0.0,0.0,0.0,Winter,No Holiday,Yes
2018-02-07,214,7,-13.2,56,0.9,1665,-20.1,0.0,0.0,0.0,Winter,No Holiday,Yes
2018-02-07,469,8,-13.3,60,0.6,1598,-19.4,0.02,0.0,0.0,Winter,No Holiday,Yes
2018-02-07,237,9,-12.0,50,1.3,1523,-20.3,0.43,0.0,0.0,Winter,No Holiday,Yes
2018-02-07,155,10,-9.6,39,0.7,1580,-21.0,1.06,0.0,0.0,Winter,No Holiday,Yes
2018-02-07,176,11,-7.0,28,3.3,1829,-22.4,1.56,0.0,0.0,Winter,No Holiday,Yes
2018-02-07,188,12,-6.0,24,2.6,1964,-23.3,1.97,0.0,0.0,Winter,No Holiday,Yes
2018-02-07,228,13,-4.5,23,2.6,1937,-22.5,2.12,0.0,0.0,Winter,No Holiday,Yes
2018-02-07,199,14,-3.5,20,1.5,1976,-23.2,2.02,0.0,0.0,Winter,No Holiday,Yes
2018-02-07,221,15,-2.1,20,2.3,1961,-22.1,1.87,0.0,0.0,Winter,No Holiday,Yes
2018-02-07,240,16,-1.7,18,2.0,1919,-22.9,1.41,0.0,0.0,Winter,No Holiday,Yes
2018-02-07,320,17,-2.3,20,2.2,1994,-22.2,0.77,0.0,0.0,Winter,No Holiday,Yes
2018-02-07,448,18,-4.0,27,2.5,2000,-20.2,0.16,0.0,0.0,Winter,No Holiday,Yes
2018-02-07,280,19,-5.2,33,2.6,2000,-19.0,0.0,0.0,0.0,Winter,No Holiday,Yes
2018-02-07,218,20,-5.8,44,2.1,1994,-16.1,0.0,0.0,0.0,Winter,No Holiday,Yes
2018-02-07,223,21,-6.3,48,2.2,1965,-15.5,0.0,0.0,0.0,Winter,No Holiday,Yes
2018-02-07,200,22,-6.8,50,1.7,1856,-15.5,0.0,0.0,0.0,Winter,No Holiday,Yes
2018-02-07,164,23,-7.6,50,1.0,1839,-16.2,0.0,0.0,0.0,Winter,No Holiday,Yes
2018-02-08,136,0,-8.2,50,1.1,1850,-16.8,0.0,0.0,0.0,Winter,No Holiday,Yes
2018-02-08,126,1,-8.5,60,1.2,1908,-14.8,0.0,0.0,0.0,Winter,No Holiday,Yes
2018-02-08,103,2,-8.3,65,0.4,1750,-13.7,0.0,0.0,0.0,Winter,No Holiday,Yes
2018-02-08,57,3,-8.6,64,0.9,1754,-14.1,0.0,0.0,0.0,Winter,No Holiday,Yes
2018-02-08,46,4,-9.0,54,0.6,1833,-16.6,0.0,0.0,0.0,Winter,No Holiday,Yes
2018-02-08,39,5,-9.0,56,0.4,1678,-16.1,0.0,0.0,0.0,Winter,No Holiday,Yes
2018-02-08,99,6,-9.3,61,0.7,1684,-15.4,0.0,0.0,0.0,Winter,No Holiday,Yes
2018-02-08,255,7,-9.6,67,1.0,1503,-14.5,0.0,0.0,0.0,Winter,No Holiday,Yes
2018-02-08,507,8,-9.7,65,0.8,1508,-15.0,0.02,0.0,0.0,Winter,No Holiday,Yes
2018-02-08,270,9,-8.5,55,1.0,1482,-15.9,0.4,0.0,0.0,Winter,No Holiday,Yes
2018-02-08,160,10,-6.3,46,1.3,1346,-16.0,1.01,0.0,0.0,Winter,No Holiday,Yes
2018-02-08,217,11,-3.1,39,1.2,1495,-15.1,1.54,0.0,0.0,Winter,No Holiday,Yes
2018-02-08,253,12,-1.5,35,1.2,1551,-15.0,1.9,0.0,0.0,Winter,No Holiday,Yes
2018-02-08,270,13,0.3,30,1.4,1697,-15.2,2.11,0.0,0.0,Winter,No Holiday,Yes
2018-02-08,253,14,0.9,25,2.4,1730,-16.9,2.09,0.0,0.0,Winter,No Holiday,Yes
2018-02-08,286,15,1.4,25,2.2,1686,-16.5,1.81,0.0,0.0,Winter,No Holiday,Yes
2018-02-08,284,16,2.0,25,2.3,1755,-16.0,1.3,0.0,0.0,Winter,No Holiday,Yes
2018-02-08,337,17,1.5,24,1.9,1788,-16.9,0.72,0.0,0.0,Winter,No Holiday,Yes
2018-02-08,564,18,-0.5,26,1.7,1999,-17.7,0.15,0.0,0.0,Winter,No Holiday,Yes
2018-02-08,378,19,-1.8,35,1.4,1558,-15.2,0.0,0.0,0.0,Winter,No Holiday,Yes
2018-02-08,277,20,-2.8,40,1.5,1593,-14.5,0.0,0.0,0.0,Winter,No Holiday,Yes
2018-02-08,268,21,-3.3,42,1.1,1596,-14.4,0.0,0.0,0.0,Winter,No Holiday,Yes
2018-02-08,233,22,-3.9,41,0.4,1462,-15.2,0.0,0.0,0.0,Winter,No Holiday,Yes
2018-02-08,195,23,-4.3,44,0.7,1247,-14.7,0.0,0.0,0.0,Winter,No Holiday,Yes
2018-02-09,178,0,-4.6,38,0.1,1551,-16.7,0.0,0.0,0.0,Winter,No Holiday,Yes
2018-02-09,159,1,-4.8,44,1.1,1432,-15.2,0.0,0.0,0.0,Winter,No Holiday,Yes
2018-02-09,107,2,-5.1,47,0.9,1460,-14.6,0.0,0.0,0.0,Winter,No Holiday,Yes
2018-02-09,78,3,-5.2,48,0.7,1309,-14.5,0.0,0.0,0.0,Winter,No Holiday,Yes
2018-02-09,46,4,-4.4,47,0.9,1343,-14.0,0.0,0.0,0.0,Winter,No Holiday,Yes
2018-02-09,36,5,-4.2,44,1.1,1196,-14.6,0.0,0.0,0.0,Winter,No Holiday,Yes
2018-02-09,117,6,-4.0,41,0.8,1242,-15.3,0.0,0.0,0.0,Winter,No Holiday,Yes
2018-02-09,273,7,-3.6,42,0.9,1258,-14.6,0.0,0.0,0.0,Winter,No Holiday,Yes
2018-02-09,589,8,-3.3,39,0.9,1279,-15.3,0.02,0.0,0.0,Winter,No Holiday,Yes
2018-02-09,308,9,-2.4,36,1.2,1276,-15.4,0.2,0.0,0.0,Winter,No Holiday,Yes
2018-02-09,199,10,-1.3,34,0.5,1192,-15.1,0.32,0.0,0.0,Winter,No Holiday,Yes
2018-02-09,238,11,-0.2,31,0.8,1269,-15.3,0.5,0.0,0.0,Winter,No Holiday,Yes
2018-02-09,260,12,1.6,28,0.5,1193,-14.9,0.88,0.0,0.0,Winter,No Holiday,Yes
2018-02-09,268,13,2.6,27,0.8,1120,-14.5,0.82,0.0,0.0,Winter,No Holiday,Yes
2018-02-09,283,14,4.0,25,0.9,1009,-14.3,1.06,0.0,0.0,Winter,No Holiday,Yes
2018-02-09,315,15,5.0,24,1.0,1037,-13.9,1.16,0.0,0.0,Winter,No Holiday,Yes
2018-02-09,319,16,6.0,28,1.7,1183,-11.1,1.03,0.0,0.0,Winter,No Holiday,Yes
2018-02-09,422,17,4.8,38,3.0,1582,-8.3,0.47,0.0,0.0,Winter,No Holiday,Yes
2018-02-09,659,18,4.1,40,2.1,1327,-8.3,0.1,0.0,0.0,Winter,No Holiday,Yes
2018-02-09,407,19,3.3,58,1.7,1024,-4.1,0.0,0.0,0.0,Winter,No Holiday,Yes
2018-02-09,308,20,3.0,61,1.9,842,-3.8,0.0,0.0,0.0,Winter,No Holiday,Yes
2018-02-09,243,21,2.9,63,1.0,786,-3.4,0.0,0.0,0.0,Winter,No Holiday,Yes
2018-02-09,263,22,2.5,66,1.1,759,-3.2,0.0,0.0,0.0,Winter,No Holiday,Yes
2018-02-09,193,23,2.0,70,0.7,689,-2.9,0.0,0.0,0.0,Winter,No Holiday,Yes
2018-02-10,197,0,1.5,71,1.1,590,-3.1,0.0,0.0,0.0,Winter,No Holiday,Yes
2018-02-10,237,1,1.7,71,1.2,584,-3.0,0.0,0.0,0.0,Winter,No Holiday,Yes
2018-02-10,169,2,1.9,71,1.5,584,-2.8,0.0,0.0,0.0,Winter,No Holiday,Yes
2018-02-10,145,3,2.0,71,1.2,534,-2.7,0.0,0.0,0.0,Winter,No Holiday,Yes
2018-02-10,79,4,1.9,74,1.2,514,-2.2,0.0,0.0,0.0,Winter,No Holiday,Yes
2018-02-10,41,5,1.8,75,2.0,484,-2.1,0.0,0.0,0.0,Winter,No Holiday,Yes
2018-02-10,48,6,1.6,78,1.6,448,-1.8,0.0,0.0,0.0,Winter,No Holiday,Yes
2018-02-10,97,7,1.6,81,1.4,393,-1.3,0.0,0.0,0.0,Winter,No Holiday,Yes
2018-02-10,188,8,1.6,82,1.3,349,-1.1,0.01,0.0,0.0,Winter,No Holiday,Yes
2018-02-10,222,9,1.6,78,2.0,260,-1.8,0.17,0.0,0.0,Winter,No Holiday,Yes
2018-02-10,223,10,1.8,73,2.8,270,-2.5,0.69,0.0,0.0,Winter,No Holiday,Yes
2018-02-10,235,11,2.6,62,2.9,294,-3.9,1.12,0.0,0.0,Winter,No Holiday,Yes
2018-02-10,248,12,2.9,53,4.7,354,-5.7,1.37,0.0,0.0,Winter,No Holiday,Yes
2018-02-10,296,13,2.8,31,4.0,967,-12.6,1.42,0.0,0.0,Winter,No Holiday,Yes
2018-02-10,286,14,2.2,24,4.5,1700,-16.3,1.66,0.0,0.0,Winter,No Holiday,Yes
2018-02-10,277,15,2.0,20,4.1,1942,-18.6,1.49,0.0,0.0,Winter,No Holiday,Yes
2018-02-10,291,16,0.3,17,4.9,2000,-21.9,0.87,0.0,0.0,Winter,No Holiday,Yes
2018-02-10,277,17,-0.9,19,5.0,2000,-21.6,0.48,0.0,0.0,Winter,No Holiday,Yes
2018-02-10,216,18,-2.0,15,5.6,2000,-25.2,0.13,0.0,0.0,Winter,No Holiday,Yes
2018-02-10,151,19,-3.1,14,5.1,2000,-26.9,0.0,0.0,0.0,Winter,No Holiday,Yes
2018-02-10,132,20,-4.4,19,5.8,2000,-24.6,0.0,0.0,0.0,Winter,No Holiday,Yes
2018-02-10,124,21,-5.6,28,4.1,2000,-21.2,0.0,0.0,0.0,Winter,No Holiday,Yes
2018-02-10,128,22,-6.2,32,3.5,2000,-20.2,0.0,0.0,0.0,Winter,No Holiday,Yes
2018-02-10,118,23,-6.7,35,2.1,2000,-19.6,0.0,0.0,0.0,Winter,No Holiday,Yes
2018-02-11,112,0,-6.9,36,2.1,2000,-19.5,0.0,0.0,0.0,Winter,No Holiday,Yes
2018-02-11,95,1,-7.0,38,2.6,2000,-18.9,0.0,0.0,0.0,Winter,No Holiday,Yes
2018-02-11,93,2,-7.0,42,1.6,2000,-17.7,0.0,0.0,0.0,Winter,No Holiday,Yes
2018-02-11,58,3,-7.2,43,2.0,2000,-17.6,0.0,0.0,0.0,Winter,No Holiday,Yes
2018-02-11,34,4,-7.5,42,2.4,1998,-18.2,0.0,0.0,0.0,Winter,No Holiday,Yes
2018-02-11,19,5,-7.8,39,2.8,2000,-19.3,0.0,0.0,0.0,Winter,No Holiday,Yes
2018-02-11,39,6,-8.4,33,1.4,1963,-21.8,0.0,0.0,0.0,Winter,No Holiday,Yes
2018-02-11,40,7,-9.2,34,2.0,1945,-22.2,0.0,0.0,0.0,Winter,No Holiday,Yes
2018-02-11,81,8,-9.4,29,1.9,1967,-24.1,0.03,0.0,0.0,Winter,No Holiday,Yes
2018-02-11,126,9,-8.6,28,1.5,1786,-23.8,0.49,0.0,0.0,Winter,No Holiday,Yes
2018-02-11,130,10,-6.9,21,3.4,1827,-25.6,1.16,0.0,0.0,Winter,No Holiday,Yes
2018-02-11,155,11,-5.0,25,3.2,1853,-22.0,1.75,0.0,0.0,Winter,No Holiday,Yes
2018-02-11,174,12,-3.9,28,2.9,1921,-19.7,2.12,0.0,0.0,Winter,No Holiday,Yes
2018-02-11,212,13,-2.4,28,3.0,1953,-18.4,2.35,0.0,0.0,Winter,No Holiday,Yes
2018-02-11,191,14,-2.2,29,4.1,1983,-17.8,1.93,0.0,0.0,Winter,No Holiday,Yes
2018-02-11,181,15,-2.6,31,2.7,1987,-17.4,1.36,0.0,0.0,Winter,No Holiday,Yes
2018-02-11,175,16,-3.6,36,4.4,2000,-16.5,0.67,0.0,0.0,Winter,No Holiday,Yes
2018-02-11,198,17,-4.2,47,2.7,2000,-13.8,0.31,0.0,0.0,Winter,No Holiday,Yes
2018-02-11,150,18,-4.6,56,3.6,2000,-12.0,0.09,0.0,0.0,Winter,No Holiday,Yes
2018-02-11,147,19,-5.2,66,3.1,2000,-10.5,0.0,0.0,0.0,Winter,No Holiday,Yes
2018-02-11,127,20,-5.7,67,2.6,2000,-10.8,0.0,0.0,0.0,Winter,No Holiday,Yes
2018-02-11,119,21,-5.6,69,2.2,1984,-10.3,0.0,0.0,0.0,Winter,No Holiday,Yes
2018-02-11,103,22,-5.8,57,3.2,1980,-12.9,0.0,0.0,0.0,Winter,No Holiday,Yes
2018-02-11,91,23,-7.0,49,3.4,1984,-15.9,0.0,0.0,0.0,Winter,No Holiday,Yes
2018-02-12,103,0,-7.7,52,3.2,1982,-15.8,0.0,0.0,0.0,Winter,No Holiday,Yes
2018-02-12,69,1,-7.9,52,3.7,1961,-16.0,0.0,0.0,0.0,Winter,No Holiday,Yes
2018-02-12,45,2,-8.3,49,2.7,2000,-17.1,0.0,0.0,0.0,Winter,No Holiday,Yes
2018-02-12,21,3,-8.5,35,2.7,2000,-21.2,0.0,0.0,0.0,Winter,No Holiday,Yes
2018-02-12,33,4,-8.6,31,3.5,2000,-22.7,0.0,0.0,0.0,Winter,No Holiday,Yes
2018-02-12,30,5,-9.2,37,1.1,2000,-21.2,0.0,0.0,0.0,Winter,No Holiday,Yes
2018-02-12,109,6,-9.5,36,1.5,2000,-21.8,0.0,0.0,0.0,Winter,No Holiday,Yes
2018-02-12,236,7,-9.5,35,1.1,2000,-22.1,0.0,0.0,0.0,Winter,No Holiday,Yes
2018-02-12,517,8,-9.1,33,2.1,1998,-22.4,0.03,0.0,0.0,Winter,No Holiday,Yes
2018-02-12,262,9,-8.4,28,2.2,1947,-23.7,0.49,0.0,0.0,Winter,No Holiday,Yes
2018-02-12,161,10,-6.7,23,2.4,1938,-24.4,1.25,0.0,0.0,Winter,No Holiday,Yes
2018-02-12,190,11,-6.1,25,2.8,1976,-22.9,1.28,0.0,0.0,Winter,No Holiday,Yes
2018-02-12,202,12,-4.6,32,4.2,1874,-18.8,1.43,0.0,0.0,Winter,No Holiday,Yes
2018-02-12,246,13,-2.7,29,2.9,1961,-18.3,2.29,0.0,0.0,Winter,No Holiday,Yes
2018-02-12,182,14,-2.4,30,3.4,1824,-17.6,2.08,0.0,0.0,Winter,No Holiday,Yes
2018-02-12,228,15,-2.1,30,3.9,1933,-17.3,2.22,0.0,0.0,Winter,No Holiday,Yes
2018-02-12,239,16,-2.4,33,4.5,1815,-16.5,1.55,0.0,0.0,Winter,No Holiday,Yes
2018-02-12,288,17,-3.1,36,4.4,1988,-16.0,0.89,0.0,0.0,Winter,No Holiday,Yes
2018-02-12,475,18,-4.4,46,3.5,2000,-14.3,0.23,0.0,0.0,Winter,No Holiday,Yes
2018-02-12,340,19,-4.9,52,2.0,2000,-13.2,0.0,0.0,0.0,Winter,No Holiday,Yes
2018-02-12,244,20,-4.7,55,1.7,2000,-12.3,0.0,0.0,0.0,Winter,No Holiday,Yes
2018-02-12,253,21,-4.3,59,3.0,1239,-11.1,0.0,0.0,0.0,Winter,No Holiday,Yes
2018-02-12,200,22,-4.2,57,1.7,2000,-11.4,0.0,0.0,0.0,Winter,No Holiday,Yes
2018-02-12,140,23,-4.4,58,2.4,2000,-11.4,0.0,0.0,0.0,Winter,No Holiday,Yes
2018-02-13,158,0,-5.0,60,1.8,1995,-11.5,0.0,0.0,0.0,Winter,No Holiday,Yes
2018-02-13,146,1,-5.5,60,1.3,1994,-12.0,0.0,0.0,0.0,Winter,No Holiday,Yes
2018-02-13,106,2,-6.0,58,2.0,2000,-12.9,0.0,0.0,0.0,Winter,No Holiday,Yes
2018-02-13,70,3,-6.2,61,1.3,1992,-12.5,0.0,0.0,0.0,Winter,No Holiday,Yes
2018-02-13,46,4,-6.4,62,1.8,1978,-12.4,0.0,0.0,0.0,Winter,No Holiday,Yes
2018-02-13,51,5,-6.7,64,1.6,1981,-12.3,0.0,0.0,0.0,Winter,No Holiday,Yes
2018-02-13,96,6,-7.1,70,1.0,1977,-11.6,0.0,0.0,0.0,Winter,No Holiday,Yes
2018-02-13,294,7,-7.2,70,1.9,1946,-11.7,0.0,0.0,0.0,Winter,No Holiday,Yes
2018-02-13,568,8,-7.1,68,0.6,1931,-12.0,0.03,0.0,0.0,Winter,No Holiday,Yes
2018-02-13,285,9,-5.9,52,1.4,1935,-14.1,0.53,0.0,0.0,Winter,No Holiday,Yes
2018-02-13,200,10,-2.4,41,1.5,1905,-13.8,1.19,0.0,0.0,Winter,No Holiday,Yes
2018-02-13,252,11,-0.3,40,3.4,1728,-12.2,1.73,0.0,0.0,Winter,No Holiday,Yes
2018-02-13,281,12,1.0,41,3.3,1794,-10.8,2.11,0.0,0.0,Winter,No Holiday,Yes
2018-02-13,256,13,2.6,40,3.5,1854,-9.6,2.28,0.0,0.0,Winter,No Holiday,Yes
2018-02-13,300,14,3.7,39,3.8,1908,-9.0,2.19,0.0,0.0,Winter,No Holiday,Yes
2018-02-13,295,15,3.7,40,5.3,1950,-8.6,1.96,0.0,0.0,Winter,No Holiday,Yes
2018-02-13,328,16,3.9,41,4.0,1973,-8.1,1.24,0.0,0.0,Winter,No Holiday,Yes
2018-02-13,410,17,3.5,46,3.1,1992,-7.0,0.39,0.0,0.0,Winter,No Holiday,Yes
2018-02-13,604,18,3.1,50,3.7,2000,-6.3,0.07,0.0,0.0,Winter,No Holiday,Yes
2018-02-13,406,19,2.4,57,3.2,1995,-5.2,0.0,0.0,0.0,Winter,No Holiday,Yes
2018-02-13,323,20,2.3,59,3.8,1981,-4.9,0.0,0.0,0.0,Winter,No Holiday,Yes
2018-02-13,290,21,2.6,57,3.8,2000,-5.0,0.0,0.0,0.0,Winter,No Holiday,Yes
2018-02-13,291,22,2.6,57,3.1,2000,-5.0,0.0,0.0,0.0,Winter,No Holiday,Yes
2018-02-13,211,23,2.4,59,3.2,2000,-4.8,0.0,0.0,0.0,Winter,No Holiday,Yes
2018-02-14,178,0,2.0,65,2.2,1885,-3.9,0.0,0.0,0.0,Winter,No Holiday,Yes
2018-02-14,213,1,1.3,67,1.2,1738,-4.1,0.0,0.0,0.0,Winter,No Holiday,Yes
2018-02-14,129,2,1.2,64,0.9,1680,-4.8,0.0,0.0,0.0,Winter,No Holiday,Yes
2018-02-14,101,3,1.1,65,1.0,1596,-4.7,0.0,0.0,0.0,Winter,No Holiday,Yes
2018-02-14,51,4,1.1,67,1.7,1506,-4.3,0.0,0.0,0.0,Winter,No Holiday,Yes
2018-02-14,56,5,1.0,68,0.6,1519,-4.2,0.0,0.0,0.0,Winter,No Holiday,Yes
2018-02-14,108,6,1.1,66,0.9,1550,-4.5,0.0,0.0,0.0,Winter,No Holiday,Yes
2018-02-14,292,7,1.3,66,1.1,1534,-4.3,0.0,0.0,0.0,Winter,No Holiday,Yes
2018-02-14,606,8,2.1,65,1.1,1559,-3.8,0.01,0.0,0.0,Winter,No Holiday,Yes
2018-02-14,326,9,3.9,64,2.9,1483,-2.3,0.18,0.0,0.0,Winter,No Holiday,Yes
2018-02-14,241,10,5.2,65,3.9,1313,-0.8,0.56,0.0,0.0,Winter,No Holiday,Yes
2018-02-14,288,11,6.3,67,3.5,1179,0.6,0.52,0.0,0.0,Winter,No Holiday,Yes
2018-02-14,312,12,6.9,67,3.9,986,1.1,0.42,0.0,0.0,Winter,No Holiday,Yes
2018-02-14,349,13,7.2,65,3.8,773,1.0,0.61,0.0,0.0,Winter,No Holiday,Yes
2018-02-14,398,14,7.8,57,3.5,675,-0.2,1.34,0.0,0.0,Winter,No Holiday,Yes
2018-02-14,461,15,8.7,48,4.1,767,-1.7,1.68,0.0,0.0,Winter,No Holiday,Yes
2018-02-14,447,16,8.0,36,3.5,1013,-6.1,1.09,0.0,0.0,Winter,No Holiday,Yes
2018-02-14,484,17,6.6,34,2.8,1300,-8.1,0.42,0.0,0.0,Winter,No Holiday,Yes
2018-02-14,559,18,5.1,34,2.3,1440,-9.5,0.09,0.0,0.0,Winter,No Holiday,Yes
2018-02-14,316,19,3.9,37,1.4,1417,-9.4,0.0,0.0,0.0,Winter,No Holiday,Yes
2018-02-14,262,20,2.8,29,2.8,1473,-13.5,0.0,0.0,0.0,Winter,No Holiday,Yes
2018-02-14,216,21,1.7,27,3.1,1734,-15.3,0.0,0.0,0.0,Winter,No Holiday,Yes
2018-02-14,218,22,0.3,33,4.0,1436,-14.1,0.0,0.0,0.0,Winter,No Holiday,Yes
2018-02-14,160,23,-0.3,35,2.1,1577,-13.9,0.0,0.0,0.0,Winter,No Holiday,Yes
2018-02-15,126,0,-0.7,37,3.5,1716,-13.6,0.0,0.0,0.0,Winter,Holiday,Yes
2018-02-15,123,1,-1.1,38,2.8,1999,-13.6,0.0,0.0,0.0,Winter,Holiday,Yes
2018-02-15,112,2,-1.2,35,2.2,2000,-14.7,0.0,0.0,0.0,Winter,Holiday,Yes
2018-02-15,74,3,-1.4,34,2.1,2000,-15.2,0.0,0.0,0.0,Winter,Holiday,Yes
2018-02-15,58,4,-1.9,34,3.0,2000,-15.7,0.0,0.0,0.0,Winter,Holiday,Yes
2018-02-15,32,5,-2.4,33,3.1,2000,-16.5,0.0,0.0,0.0,Winter,Holiday,Yes
2018-02-15,39,6,-2.6,38,1.0,2000,-15.0,0.0,0.0,0.0,Winter,Holiday,Yes
2018-02-15,55,7,-3.0,40,0.9,2000,-14.7,0.0,0.0,0.0,Winter,Holiday,Yes
2018-02-15,112,8,-3.0,38,1.0,2000,-15.4,0.0,0.0,0.0,Winter,Holiday,Yes
2018-02-15,112,9,-3.5,30,1.5,1980,-18.6,0.0,0.0,0.0,Winter,Holiday,Yes
2018-02-15,127,10,-1.6,26,1.9,1980,-18.6,1.29,0.0,0.0,Winter,Holiday,Yes
2018-02-15,170,11,0.1,22,2.0,2000,-19.1,1.84,0.0,0.0,Winter,Holiday,Yes
2018-02-15,174,12,1.7,20,3.0,1983,-18.9,2.28,0.0,0.0,Winter,Holiday,Yes
2018-02-15,240,13,2.2,18,3.4,1942,-19.7,2.3,0.0,0.0,Winter,Holiday,Yes
2018-02-15,270,14,2.9,14,4.3,2000,-22.0,2.29,0.0,0.0,Winter,Holiday,Yes
2018-02-15,276,15,3.8,17,3.2,2000,-19.0,1.97,0.0,0.0,Winter,Holiday,Yes
2018-02-15,273,16,3.2,16,3.0,2000,-20.2,1.45,0.0,0.0,Winter,Holiday,Yes
2018-02-15,236,17,2.4,17,3.1,1990,-20.2,0.78,0.0,0.0,Winter,Holiday,Yes
2018-02-15,190,18,1.1,18,2.5,2000,-20.6,0.2,0.0,0.0,Winter,Holiday,Yes
2018-02-15,166,19,0.1,21,2.9,2000,-19.7,0.0,0.0,0.0,Winter,Holiday,Yes
2018-02-15,148,20,-0.4,27,2.2,2000,-17.1,0.0,0.0,0.0,Winter,Holiday,Yes
2018-02-15,134,21,-1.1,32,2.4,2000,-15.7,0.0,0.0,0.0,Winter,Holiday,Yes
2018-02-15,145,22,-1.9,30,0.8,2000,-17.2,0.0,0.0,0.0,Winter,Holiday,Yes
2018-02-15,92,23,-2.5,31,1.4,1996,-17.3,0.0,0.0,0.0,Winter,Holiday,Yes
2018-02-16,105,0,-3.3,35,1.8,1977,-16.6,0.0,0.0,0.0,Winter,Holiday,Yes
2018-02-16,77,1,-3.6,35,2.0,1943,-16.8,0.0,0.0,0.0,Winter,Holiday,Yes
2018-02-16,47,2,-4.1,38,1.2,1996,-16.3,0.0,0.0,0.0,Winter,Holiday,Yes
2018-02-16,36,3,-4.4,37,1.7,1989,-16.9,0.0,0.0,0.0,Winter,Holiday,Yes
2018-02-16,35,4,-4.5,42,1.4,1944,-15.5,0.0,0.0,0.0,Winter,Holiday,Yes
2018-02-16,28,5,-5.0,44,0.9,1976,-15.3,0.0,0.0,0.0,Winter,Holiday,Yes
2018-02-16,30,6,-5.2,42,0.7,1980,-16.1,0.0,0.0,0.0,Winter,Holiday,Yes
2018-02-16,49,7,-5.4,41,0.3,2000,-16.6,0.0,0.0,0.0,Winter,Holiday,Yes
2018-02-16,68,8,-5.4,38,0.7,2000,-17.5,0.04,0.0,0.0,Winter,Holiday,Yes
2018-02-16,48,9,-4.3,33,0.7,1923,-18.2,0.6,0.0,0.0,Winter,Holiday,Yes
2018-02-16,78,10,-1.3,32,1.5,1933,-15.9,1.24,0.0,0.0,Winter,Holiday,Yes
2018-02-16,93,11,1.0,25,1.4,1782,-16.8,1.7,0.0,0.0,Winter,Holiday,Yes
2018-02-16,137,12,2.2,19,1.4,1946,-19.1,2.01,0.0,0.0,Winter,Holiday,Yes
2018-02-16,169,13,3.5,17,3.2,1971,-19.3,2.2,0.0,0.0,Winter,Holiday,Yes
2018-02-16,196,14,4.2,18,3.3,1976,-18.0,2.25,0.0,0.0,Winter,Holiday,Yes
2018-02-16,243,15,4.0,26,3.5,2000,-13.8,1.75,0.0,0.0,Winter,Holiday,Yes
2018-02-16,189,16,3.3,38,3.8,1921,-9.6,1.33,0.0,0.0,Winter,Holiday,Yes
2018-02-16,210,17,2.5,48,4.2,1979,-7.4,0.76,0.0,0.0,Winter,Holiday,Yes
2018-02-16,165,18,1.4,56,3.2,1932,-6.4,0.22,0.0,0.0,Winter,Holiday,Yes
2018-02-16,126,19,0.6,59,2.3,1939,-6.5,0.0,0.0,0.0,Winter,Holiday,Yes
2018-02-16,150,20,0.2,61,1.9,1956,-6.4,0.0,0.0,0.0,Winter,Holiday,Yes
2018-02-16,114,21,0.1,67,2.5,1451,-5.3,0.0,0.0,0.0,Winter,Holiday,Yes
2018-02-16,116,22,-0.6,70,3.4,1204,-5.4,0.0,0.0,0.0,Winter,Holiday,Yes
2018-02-16,84,23,-2.0,51,3.2,1336,-10.8,0.0,0.0,0.0,Winter,Holiday,Yes
2018-02-17,79,0,-2.7,41,3.2,1695,-14.1,0.0,0.0,0.0,Winter,Holiday,Yes
2018-02-17,71,1,-3.1,36,3.5,2000,-16.0,0.0,0.0,0.0,Winter,Holiday,Yes
2018-02-17,56,2,-3.8,30,3.9,2000,-18.8,0.0,0.0,0.0,Winter,Holiday,Yes
2018-02-17,34,3,-4.5,28,3.0,2000,-20.3,0.0,0.0,0.0,Winter,Holiday,Yes
2018-02-17,20,4,-5.2,28,2.5,2000,-20.9,0.0,0.0,0.0,Winter,Holiday,Yes
2018-02-17,14,5,-5.7,31,2.3,1999,-20.1,0.0,0.0,0.0,Winter,Holiday,Yes
2018-02-17,39,6,-6.2,32,2.5,2000,-20.2,0.0,0.0,0.0,Winter,Holiday,Yes
2018-02-17,35,7,-6.8,32,1.6,2000,-20.7,0.0,0.0,0.0,Winter,Holiday,Yes
2018-02-17,80,8,-7.1,30,1.7,1991,-21.7,0.04,0.0,0.0,Winter,Holiday,Yes
2018-02-17,98,9,-6.5,26,2.4,1874,-22.8,0.64,0.0,0.0,Winter,Holiday,Yes
2018-02-17,103,10,-4.3,21,1.4,1908,-23.4,1.34,0.0,0.0,Winter,Holiday,Yes
2018-02-17,155,11,-2.8,19,2.6,1957,-23.2,1.91,0.0,0.0,Winter,Holiday,Yes
2018-02-17,183,12,-1.3,17,1.5,1998,-23.2,2.28,0.0,0.0,Winter,Holiday,Yes
2018-02-17,193,13,-0.4,15,2.4,1938,-23.9,2.46,0.0,0.0,Winter,Holiday,Yes
2018-02-17,258,14,-0.1,15,4.0,2000,-23.7,2.39,0.0,0.0,Winter,Holiday,Yes
2018-02-17,273,15,1.0,14,4.6,2000,-23.5,2.12,0.0,0.0,Winter,Holiday,Yes
2018-02-17,267,16,1.3,15,4.2,2000,-22.5,1.63,0.0,0.0,Winter,Holiday,Yes
2018-02-17,250,17,0.6,17,3.3,2000,-21.7,0.79,0.0,0.0,Winter,Holiday,Yes
2018-02-17,223,18,-0.3,17,1.9,2000,-22.4,0.2,0.0,0.0,Winter,Holiday,Yes
2018-02-17,169,19,-1.5,32,2.5,2000,-16.0,0.0,0.0,0.0,Winter,Holiday,Yes
2018-02-17,145,20,-2.1,38,2.0,2000,-14.5,0.0,0.0,0.0,Winter,Holiday,Yes
2018-02-17,133,21,-2.3,38,2.3,2000,-14.7,0.0,0.0,0.0,Winter,Holiday,Yes
2018-02-17,123,22,-2.7,42,2.2,2000,-13.8,0.0,0.0,0.0,Winter,Holiday,Yes
2018-02-17,117,23,-2.9,31,3.8,2000,-17.7,0.0,0.0,0.0,Winter,Holiday,Yes
2018-02-18,99,0,-3.6,33,1.7,2000,-17.5,0.0,0.0,0.0,Winter,No Holiday,Yes
2018-02-18,103,1,-4.4,33,1.4,2000,-18.2,0.0,0.0,0.0,Winter,No Holiday,Yes
2018-02-18,86,2,-4.7,33,0.1,2000,-18.5,0.0,0.0,0.0,Winter,No Holiday,Yes
2018-02-18,56,3,-4.5,26,0.0,2000,-21.1,0.0,0.0,0.0,Winter,No Holiday,Yes
2018-02-18,37,4,-4.1,27,0.6,2000,-20.3,0.0,0.0,0.0,Winter,No Holiday,Yes
2018-02-18,22,5,-4.0,28,0.5,2000,-19.8,0.0,0.0,0.0,Winter,No Holiday,Yes
2018-02-18,38,6,-4.1,30,1.1,2000,-19.1,0.0,0.0,0.0,Winter,No Holiday,Yes
2018-02-18,52,7,-4.6,31,1.2,2000,-19.2,0.0,0.0,0.0,Winter,No Holiday,Yes
2018-02-18,92,8,-4.8,31,0.8,2000,-19.3,0.02,0.0,0.0,Winter,No Holiday,Yes
2018-02-18,137,9,-4.1,30,0.5,2000,-19.1,0.28,0.0,0.0,Winter,No Holiday,Yes
2018-02-18,156,10,-1.8,23,0.6,2000,-20.2,0.8,0.0,0.0,Winter,No Holiday,Yes
2018-02-18,183,11,0.0,20,0.8,1975,-20.3,1.05,0.0,0.0,Winter,No Holiday,Yes
2018-02-18,263,12,2.2,17,1.0,1979,-20.4,1.75,0.0,0.0,Winter,No Holiday,Yes
2018-02-18,337,13,3.7,17,1.4,2000,-19.1,1.98,0.0,0.0,Winter,No Holiday,Yes
2018-02-18,372,14,4.1,17,1.8,1996,-18.8,1.87,0.0,0.0,Winter,No Holiday,Yes
2018-02-18,440,15,5.0,16,2.0,1970,-18.8,1.42,0.0,0.0,Winter,No Holiday,Yes
2018-02-18,404,16,5.1,16,1.8,1998,-18.7,1.17,0.0,0.0,Winter,No Holiday,Yes
2018-02-18,354,17,4.2,17,2.5,1990,-18.7,0.66,0.0,0.0,Winter,No Holiday,Yes
2018-02-18,310,18,2.8,25,3.0,2000,-15.3,0.22,0.0,0.0,Winter,No Holiday,Yes
2018-02-18,238,19,1.5,30,2.6,2000,-14.2,0.0,0.0,0.0,Winter,No Holiday,Yes
2018-02-18,213,20,0.6,33,1.9,2000,-13.8,0.0,0.0,0.0,Winter,No Holiday,Yes
2018-02-18,226,21,0.2,32,1.1,1951,-14.5,0.0,0.0,0.0,Winter,No Holiday,Yes
2018-02-18,191,22,-0.3,34,1.6,1981,-14.2,0.0,0.0,0.0,Winter,No Holiday,Yes
2018-02-18,153,23,-0.7,37,0.9,1814,-13.6,0.0,0.0,0.0,Winter,No Holiday,Yes
2018-02-19,148,0,-1.1,39,1.7,1832,-13.3,0.0,0.0,0.0,Winter,No Holiday,Yes
2018-02-19,101,1,-1.4,42,1.1,1805,-12.6,0.0,0.0,0.0,Winter,No Holiday,Yes
2018-02-19,59,2,-1.4,41,1.1,1582,-12.9,0.0,0.0,0.0,Winter,No Holiday,Yes
2018-02-19,42,3,-1.4,41,1.6,1870,-12.9,0.0,0.0,0.0,Winter,No Holiday,Yes
2018-02-19,50,4,-1.9,44,0.7,1907,-12.5,0.0,0.0,0.0,Winter,No Holiday,Yes
2018-02-19,59,5,-1.8,44,0.5,1862,-12.4,0.0,0.0,0.0,Winter,No Holiday,Yes
2018-02-19,139,6,-1.4,46,0.3,1651,-11.5,0.0,0.0,0.0,Winter,No Holiday,Yes
2018-02-19,349,7,-0.9,45,0.9,1820,-11.3,0.0,0.0,0.0,Winter,No Holiday,Yes
2018-02-19,646,8,-1.2,51,0.8,1800,-10.0,0.05,0.0,0.0,Winter,No Holiday,Yes
2018-02-19,347,9,-0.6,43,0.5,1596,-11.6,0.52,0.0,0.0,Winter,No Holiday,Yes
2018-02-19,235,10,2.6,45,1.2,1230,-8.1,1.17,0.0,0.0,Winter,No Holiday,Yes
2018-02-19,314,11,4.3,44,2.3,1091,-6.9,1.77,0.0,0.0,Winter,No Holiday,Yes
2018-02-19,361,12,4.7,43,2.1,1131,-6.8,1.38,0.0,0.0,Winter,No Holiday,Yes
2018-02-19,332,13,5.1,41,1.8,1097,-7.0,1.03,0.0,0.0,Winter,No Holiday,Yes
2018-02-19,373,14,5.6,38,1.6,1087,-7.6,1.1,0.0,0.0,Winter,No Holiday,Yes
2018-02-19,392,15,6.3,35,2.6,991,-8.0,1.2,0.0,0.0,Winter,No Holiday,Yes
2018-02-19,403,16,6.3,35,2.9,1117,-8.0,1.1,0.0,0.0,Winter,No Holiday,Yes
2018-02-19,522,17,5.7,36,3.0,1073,-8.2,0.57,0.0,0.0,Winter,No Holiday,Yes
2018-02-19,819,18,4.7,43,2.4,938,-6.8,0.19,0.0,0.0,Winter,No Holiday,Yes
2018-02-19,533,19,3.6,55,1.6,728,-4.6,0.0,0.0,0.0,Winter,No Holiday,Yes
2018-02-19,417,20,2.4,60,1.9,661,-4.5,0.0,0.0,0.0,Winter,No Holiday,Yes
2018-02-19,388,21,1.8,63,1.2,604,-4.5,0.0,0.0,0.0,Winter,No Holiday,Yes
2018-02-19,357,22,1.0,69,0.7,525,-4.0,0.0,0.0,0.0,Winter,No Holiday,Yes
2018-02-19,218,23,0.5,73,1.5,465,-3.7,0.0,0.0,0.0,Winter,No Holiday,Yes
2018-02-20,177,0,0.0,75,2.3,394,-3.9,0.0,0.0,0.0,Winter,No Holiday,Yes
2018-02-20,172,1,-0.5,76,1.6,402,-4.2,0.0,0.0,0.0,Winter,No Holiday,Yes
2018-02-20,115,2,-0.8,76,0.8,421,-4.5,0.0,0.0,0.0,Winter,No Holiday,Yes
2018-02-20,63,3,-1.3,80,0.7,392,-4.3,0.0,0.0,0.0,Winter,No Holiday,Yes
2018-02-20,64,4,-1.6,83,0.6,368,-4.1,0.0,0.0,0.0,Winter,No Holiday,Yes
2018-02-20,79,5,-1.8,82,1.3,375,-4.4,0.0,0.0,0.0,Winter,No Holiday,Yes
2018-02-20,164,6,-2.1,82,1.8,381,-4.7,0.0,0.0,0.0,Winter,No Holiday,Yes
2018-02-20,404,7,-2.2,76,1.9,527,-5.8,0.0,0.0,0.0,Winter,No Holiday,Yes
2018-02-20,727,8,-2.1,71,1.7,610,-6.6,0.06,0.0,0.0,Winter,No Holiday,Yes
2018-02-20,384,9,-1.4,56,1.4,709,-9.0,0.54,0.0,0.0,Winter,No Holiday,Yes
2018-02-20,265,10,1.1,38,3.1,1184,-11.6,1.13,0.0,0.0,Winter,No Holiday,Yes
2018-02-20,322,11,2.8,35,3.9,1265,-11.1,1.71,0.0,0.0,Winter,No Holiday,Yes
2018-02-20,356,12,4.0,23,3.5,1785,-15.3,2.03,0.0,0.0,Winter,No Holiday,Yes
2018-02-20,370,13,4.2,22,3.9,1812,-15.6,2.21,0.0,0.0,Winter,No Holiday,Yes
2018-02-20,335,14,5.0,20,3.7,1866,-16.1,2.12,0.0,0.0,Winter,No Holiday,Yes
2018-02-20,431,15,5.4,18,3.7,1940,-17.0,1.82,0.0,0.0,Winter,No Holiday,Yes
2018-02-20,393,16,5.1,17,3.4,2000,-18.0,1.2,0.0,0.0,Winter,No Holiday,Yes
2018-02-20,514,17,3.9,19,3.6,2000,-17.6,0.58,0.0,0.0,Winter,No Holiday,Yes
2018-02-20,764,18,3.2,20,2.9,2000,-17.6,0.16,0.0,0.0,Winter,No Holiday,Yes
2018-02-20,522,19,2.5,21,2.2,2000,-17.6,0.0,0.0,0.0,Winter,No Holiday,Yes
2018-02-20,358,20,1.8,19,3.1,2000,-19.4,0.0,0.0,0.0,Winter,No Holiday,Yes
2018-02-20,415,21,1.1,21,1.6,2000,-18.8,0.0,0.0,0.0,Winter,No Holiday,Yes
2018-02-20,319,22,0.5,22,2.9,2000,-18.8,0.0,0.0,0.0,Winter,No Holiday,Yes
2018-02-20,242,23,-0.5,26,3.3,2000,-17.7,0.0,0.0,0.0,Winter,No Holiday,Yes
2018-02-21,171,0,-1.4,28,3.4,1990,-17.6,0.0,0.0,0.0,Winter,No Holiday,Yes
2018-02-21,162,1,-2.2,31,1.1,1970,-17.0,0.0,0.0,0.0,Winter,No Holiday,Yes
2018-02-21,105,2,-2.9,31,1.6,1931,-17.7,0.0,0.0,0.0,Winter,No Holiday,Yes
2018-02-21,59,3,-3.4,32,0.9,1977,-17.7,0.0,0.0,0.0,Winter,No Holiday,Yes
2018-02-21,50,4,-3.8,32,1.1,2000,-18.1,0.0,0.0,0.0,Winter,No Holiday,Yes
2018-02-21,63,5,-4.0,35,1.8,2000,-17.2,0.0,0.0,0.0,Winter,No Holiday,Yes
2018-02-21,159,6,-4.0,34,3.4,2000,-17.5,0.0,0.0,0.0,Winter,No Holiday,Yes
2018-02-21,385,7,-4.1,35,3.5,1980,-17.3,0.0,0.0,0.0,Winter,No Holiday,Yes
2018-02-21,718,8,-4.3,36,1.9,1955,-17.1,0.06,0.0,0.0,Winter,No Holiday,Yes
2018-02-21,373,9,-3.8,28,1.7,1904,-19.6,0.63,0.0,0.0,Winter,No Holiday,Yes
2018-02-21,244,10,-1.8,25,2.6,1913,-19.2,1.17,0.0,0.0,Winter,No Holiday,Yes
2018-02-21,276,11,0.2,22,2.2,1907,-19.0,1.57,0.0,0.0,Winter,No Holiday,Yes
2018-02-21,351,12,2.2,17,2.0,1824,-20.4,1.99,0.0,0.0,Winter,No Holiday,Yes
2018-02-21,299,13,2.9,14,3.3,2000,-22.0,2.14,0.0,0.0,Winter,No Holiday,Yes
2018-02-21,365,14,3.3,14,2.9,1985,-21.7,2.49,0.0,0.0,Winter,No Holiday,Yes
2018-02-21,366,15,4.2,15,2.7,1995,-20.2,2.21,0.0,0.0,Winter,No Holiday,Yes
2018-02-21,409,16,3.7,14,3.9,2000,-21.4,1.71,0.0,0.0,Winter,No Holiday,Yes
2018-02-21,469,17,3.1,14,3.7,2000,-21.9,1.0,0.0,0.0,Winter,No Holiday,Yes
2018-02-21,784,18,1.8,16,3.4,2000,-21.4,0.31,0.0,0.0,Winter,No Holiday,Yes
2018-02-21,460,19,-0.1,39,2.8,2000,-12.4,0.0,0.0,0.0,Winter,No Holiday,Yes
2018-02-21,356,20,-1.1,43,1.5,2000,-12.1,0.0,0.0,0.0,Winter,No Holiday,Yes
2018-02-21,345,21,-1.6,52,2.2,2000,-10.1,0.0,0.0,0.0,Winter,No Holiday,Yes
2018-02-21,299,22,-2.2,55,1.4,2000,-10.0,0.0,0.0,0.0,Winter,No Holiday,Yes
2018-02-21,223,23,-2.7,58,1.1,2000,-9.8,0.0,0.0,0.0,Winter,No Holiday,Yes
2018-02-22,195,0,-2.7,58,1.7,2000,-9.8,0.0,0.0,0.0,Winter,No Holiday,Yes
2018-02-22,190,1,-2.2,58,1.0,2000,-9.3,0.0,0.0,0.0,Winter,No Holiday,Yes
2018-02-22,116,2,-2.9,57,0.0,1985,-10.2,0.0,0.0,0.0,Winter,No Holiday,Yes
2018-02-22,71,3,-2.8,57,0.5,1995,-10.1,0.0,0.0,0.0,Winter,No Holiday,Yes
2018-02-22,66,4,-2.4,58,0.3,2000,-9.5,0.0,0.0,0.0,Winter,No Holiday,Yes
2018-02-22,75,5,-2.4,59,1.1,1984,-9.3,0.0,0.0,0.0,Winter,No Holiday,Yes
2018-02-22,151,6,-3.0,62,0.8,1996,-9.2,0.0,0.0,0.0,Winter,No Holiday,Yes
2018-02-22,373,7,-3.7,64,0.7,1891,-9.5,0.0,0.0,0.0,Winter,No Holiday,Yes
2018-02-22,783,8,-3.6,63,0.9,1473,-9.6,0.07,0.0,0.0,Winter,No Holiday,Yes
2018-02-22,383,9,-1.9,51,0.9,1654,-10.7,0.58,0.0,0.0,Winter,No Holiday,Yes
2018-02-22,259,10,0.9,44,1.1,1826,-10.0,1.16,0.0,0.0,Winter,No Holiday,Yes
2018-02-22,308,11,2.7,44,0.9,1761,-8.3,1.45,0.0,0.0,Winter,No Holiday,Yes
2018-02-22,352,12,4.8,47,2.6,1373,-5.5,1.72,0.0,0.0,Winter,No Holiday,Yes
2018-02-22,316,13,4.5,51,3.8,1108,-4.7,1.08,0.0,0.0,Winter,No Holiday,Yes
2018-02-22,331,14,4.8,50,4.3,1168,-4.7,1.01,0.0,0.0,Winter,No Holiday,Yes
2018-02-22,356,15,5.0,49,4.4,1138,-4.8,0.96,0.0,0.0,Winter,No Holiday,Yes
2018-02-22,404,16,5.0,50,4.3,1121,-4.5,0.74,0.0,0.0,Winter,No Holiday,Yes
2018-02-22,465,17,4.6,52,3.9,1059,-4.4,0.5,0.0,0.0,Winter,No Holiday,Yes
2018-02-22,730,18,3.9,56,4.0,1004,-4.0,0.18,0.0,0.0,Winter,No Holiday,Yes
2018-02-22,499,19,3.5,60,2.7,936,-3.5,0.0,0.0,0.0,Winter,No Holiday,Yes
2018-02-22,348,20,3.0,62,2.4,975,-3.5,0.0,0.0,0.0,Winter,No Holiday,Yes
2018-02-22,393,21,2.9,64,2.5,1154,-3.2,0.0,0.0,0.0,Winter,No Holiday,Yes
2018-02-22,346,22,2.9,65,2.3,1150,-3.0,0.0,0.0,0.0,Winter,No Holiday,Yes
2018-02-22,202,23,2.9,63,2.6,1253,-3.4,0.0,0.0,0.0,Winter,No Holiday,Yes
2018-02-23,42,0,1.7,86,2.7,54,-0.3,0.0,0.4,0.4,Winter,No Holiday,Yes
2018-02-23,55,1,0.6,96,2.1,118,0.0,0.0,0.0,4.0,Winter,No Holiday,Yes
2018-02-23,62,2,0.7,97,1.4,197,0.2,0.0,0.0,4.1,Winter,No Holiday,Yes
2018-02-23,32,3,0.9,97,1.2,243,0.4,0.0,3.7,4.1,Winter,No Holiday,Yes
2018-02-23,36,4,1.1,96,2.5,241,0.5,0.0,0.0,3.9,Winter,No Holiday,Yes
2018-02-23,39,5,1.0,91,0.7,257,-0.3,0.0,0.0,3.8,Winter,No Holiday,Yes
2018-02-23,63,6,0.4,95,0.3,197,-0.3,0.0,0.0,3.8,Winter,No Holiday,Yes
2018-02-23,174,7,-0.1,97,0.5,179,-0.5,0.0,0.0,3.8,Winter,No Holiday,Yes
2018-02-23,391,8,-0.2,97,0.4,197,-0.6,0.05,0.0,3.7,Winter,No Holiday,Yes
2018-02-23,214,9,0.5,94,0.6,199,-0.3,0.37,0.0,3.7,Winter,No Holiday,Yes
2018-02-23,184,10,2.2,83,0.8,221,-0.3,0.92,0.0,3.7,Winter,No Holiday,Yes
2018-02-23,230,11,3.8,72,0.9,236,-0.7,1.1,0.0,3.4,Winter,No Holiday,Yes
2018-02-23,283,12,5.3,70,0.9,226,0.2,1.73,0.0,1.7,Winter,No Holiday,Yes
2018-02-23,304,13,6.7,64,2.0,241,0.3,1.94,0.0,0.6,Winter,No Holiday,Yes
2018-02-23,312,14,7.8,57,2.1,277,-0.2,1.39,0.0,0.0,Winter,No Holiday,Yes
2018-02-23,312,15,8.2,62,0.6,291,1.3,1.22,0.0,0.0,Winter,No Holiday,Yes
2018-02-23,354,16,8.3,60,2.7,354,0.9,0.36,0.0,0.0,Winter,No Holiday,Yes
2018-02-23,470,17,7.9,68,4.2,352,2.3,0.27,0.0,0.0,Winter,No Holiday,Yes
2018-02-23,669,18,7.5,70,5.0,374,2.3,0.08,0.0,0.0,Winter,No Holiday,Yes
2018-02-23,421,19,6.9,73,3.7,369,2.3,0.0,0.0,0.0,Winter,No Holiday,Yes
2018-02-23,295,20,6.4,77,2.8,316,2.6,0.0,0.0,0.0,Winter,No Holiday,Yes
2018-02-23,321,21,6.0,79,2.7,306,2.6,0.0,0.0,0.0,Winter,No Holiday,Yes
2018-02-23,291,22,5.7,81,2.5,292,2.6,0.0,0.0,0.0,Winter,No Holiday,Yes
2018-02-23,243,23,5.5,80,2.7,258,2.3,0.0,0.0,0.0,Winter,No Holiday,Yes
2018-02-24,226,0,4.6,82,3.0,240,1.7,0.0,0.0,0.0,Winter,No Holiday,Yes
2018-02-24,263,1,4.0,83,1.7,235,1.3,0.0,0.0,0.0,Winter,No Holiday,Yes
2018-02-24,197,2,3.7,82,1.6,229,0.9,0.0,0.0,0.0,Winter,No Holiday,Yes
2018-02-24,133,3,3.5,82,2.9,217,0.7,0.0,0.0,0.0,Winter,No Holiday,Yes
2018-02-24,63,4,2.7,82,2.8,222,0.0,0.0,0.0,0.0,Winter,No Holiday,Yes
2018-02-24,58,5,1.8,84,2.7,214,-0.6,0.0,0.0,0.0,Winter,No Holiday,Yes
2018-02-24,72,6,1.2,83,2.5,245,-1.3,0.0,0.0,0.0,Winter,No Holiday,Yes
2018-02-24,108,7,0.6,86,1.6,211,-1.4,0.0,0.0,0.0,Winter,No Holiday,Yes
2018-02-24,203,8,0.0,77,2.8,289,-3.5,0.06,0.0,0.0,Winter,No Holiday,Yes
2018-02-24,253,9,0.6,64,3.8,430,-5.4,0.65,0.0,0.0,Winter,No Holiday,Yes
2018-02-24,259,10,0.8,60,2.9,497,-6.0,0.71,0.0,0.0,Winter,No Holiday,Yes
2018-02-24,298,11,2.2,50,2.4,608,-7.1,1.1,0.0,0.0,Winter,No Holiday,Yes
2018-02-24,363,12,4.0,37,1.4,763,-9.4,1.75,0.0,0.0,Winter,No Holiday,Yes
2018-02-24,412,13,5.3,29,2.1,1007,-11.3,2.08,0.0,0.0,Winter,No Holiday,Yes
2018-02-24,454,14,6.9,19,1.9,1843,-15.1,2.36,0.0,0.0,Winter,No Holiday,Yes
2018-02-24,467,15,6.7,24,2.7,1536,-12.4,1.95,0.0,0.0,Winter,No Holiday,Yes
2018-02-24,509,16,5.9,21,3.0,1864,-14.8,1.34,0.0,0.0,Winter,No Holiday,Yes
2018-02-24,462,17,4.9,28,3.1,1477,-12.1,0.77,0.0,0.0,Winter,No Holiday,Yes
2018-02-24,379,18,3.5,30,2.9,1726,-12.4,0.31,0.0,0.0,Winter,No Holiday,Yes
2018-02-24,306,19,2.1,27,2.8,1883,-15.0,0.01,0.0,0.0,Winter,No Holiday,Yes
2018-02-24,233,20,1.1,32,1.4,1785,-13.8,0.0,0.0,0.0,Winter,No Holiday,Yes
2018-02-24,232,21,0.7,31,1.3,1923,-14.5,0.0,0.0,0.0,Winter,No Holiday,Yes
2018-02-24,219,22,0.1,32,0.9,1937,-14.6,0.0,0.0,0.0,Winter,No Holiday,Yes
2018-02-24,187,23,-0.6,39,1.3,1731,-12.8,0.0,0.0,0.0,Winter,No Holiday,Yes
2018-02-25,182,0,-1.1,44,1.2,1741,-11.8,0.0,0.0,0.0,Winter,No Holiday,Yes
2018-02-25,189,1,-1.4,43,0.6,1791,-12.3,0.0,0.0,0.0,Winter,No Holiday,Yes
2018-02-25,124,2,-1.5,46,1.1,1744,-11.6,0.0,0.0,0.0,Winter,No Holiday,Yes
2018-02-25,103,3,-1.3,42,0.8,1648,-12.5,0.0,0.0,0.0,Winter,No Holiday,Yes
2018-02-25,52,4,-1.1,43,0.7,1558,-12.1,0.0,0.0,0.0,Winter,No Holiday,Yes
2018-02-25,37,5,-0.7,41,0.9,1442,-12.3,0.0,0.0,0.0,Winter,No Holiday,Yes
2018-02-25,54,6,-0.8,44,0.6,1541,-11.5,0.0,0.0,0.0,Winter,No Holiday,Yes
2018-02-25,77,7,-1.0,47,0.9,1552,-10.9,0.0,0.0,0.0,Winter,No Holiday,Yes
2018-02-25,158,8,-1.3,54,0.6,1597,-9.4,0.06,0.0,0.0,Winter,No Holiday,Yes
2018-02-25,173,9,-0.3,48,1.1,1394,-10.0,0.43,0.0,0.0,Winter,No Holiday,Yes
2018-02-25,195,10,2.1,42,1.1,1564,-9.5,1.12,0.0,0.0,Winter,No Holiday,Yes
2018-02-25,244,11,4.3,29,2.6,1293,-12.2,1.87,0.0,0.0,Winter,No Holiday,Yes
2018-02-25,396,12,5.5,25,3.1,1652,-13.0,2.28,0.0,0.0,Winter,No Holiday,Yes
2018-02-25,482,13,6.1,22,2.4,1710,-14.0,2.5,0.0,0.0,Winter,No Holiday,Yes
2018-02-25,572,14,7.0,23,2.4,1645,-12.7,2.52,0.0,0.0,Winter,No Holiday,Yes
2018-02-25,612,15,7.5,21,2.7,1900,-13.4,2.22,0.0,0.0,Winter,No Holiday,Yes
2018-02-25,688,16,7.6,18,3.2,1930,-15.2,1.73,0.0,0.0,Winter,No Holiday,Yes
2018-02-25,589,17,6.9,25,2.9,1795,-11.8,1.07,0.0,0.0,Winter,No Holiday,Yes
2018-02-25,402,18,5.2,30,2.8,1877,-11.0,0.36,0.0,0.0,Winter,No Holiday,Yes
2018-02-25,297,19,3.1,40,2.6,1804,-9.2,0.01,0.0,0.0,Winter,No Holiday,Yes
2018-02-25,232,20,1.3,49,2.8,1683,-8.2,0.0,0.0,0.0,Winter,No Holiday,Yes
2018-02-25,239,21,0.2,55,2.5,1942,-7.7,0.0,0.0,0.0,Winter,No Holiday,Yes
2018-02-25,230,22,0.0,54,2.5,1929,-8.2,0.0,0.0,0.0,Winter,No Holiday,Yes
2018-02-25,173,23,-0.3,58,1.0,1945,-7.5,0.0,0.0,0.0,Winter,No Holiday,Yes
2018-02-26,135,0,-0.9,60,0.7,1844,-7.7,0.0,0.0,0.0,Winter,No Holiday,Yes
2018-02-26,122,1,-1.2,63,0.9,1846,-7.3,0.0,0.0,0.0,Winter,No Holiday,Yes
2018-02-26,80,2,-1.7,66,0.8,1631,-7.2,0.0,0.0,0.0,Winter,No Holiday,Yes
2018-02-26,46,3,-1.9,67,1.0,1575,-7.2,0.0,0.0,0.0,Winter,No Holiday,Yes
2018-02-26,46,4,-2.3,69,1.1,1411,-7.2,0.0,0.0,0.0,Winter,No Holiday,Yes
2018-02-26,65,5,-2.5,73,0.8,1134,-6.6,0.0,0.0,0.0,Winter,No Holiday,Yes
2018-02-26,161,6,-2.7,72,0.5,1253,-7.0,0.0,0.0,0.0,Winter,No Holiday,Yes
2018-02-26,402,7,-3.1,68,0.8,1417,-8.1,0.0,0.0,0.0,Winter,No Holiday,Yes
2018-02-26,786,8,-2.9,63,0.7,1386,-8.9,0.11,0.0,0.0,Winter,No Holiday,Yes
2018-02-26,416,9,-1.1,53,0.9,1308,-9.4,0.72,0.0,0.0,Winter,No Holiday,Yes
2018-02-26,289,10,1.9,46,1.1,1233,-8.5,1.39,0.0,0.0,Winter,No Holiday,Yes
2018-02-26,356,11,4.6,37,1.6,1309,-8.8,1.95,0.0,0.0,Winter,No Holiday,Yes
2018-02-26,428,12,6.9,28,1.1,1301,-10.3,2.35,0.0,0.0,Winter,No Holiday,Yes
2018-02-26,444,13,8.1,26,1.2,1422,-10.2,2.48,0.0,0.0,Winter,No Holiday,Yes
2018-02-26,455,14,9.9,25,1.5,1401,-9.2,2.43,0.0,0.0,Winter,No Holiday,Yes
2018-02-26,521,15,10.3,23,2.1,1317,-9.9,2.09,0.0,0.0,Winter,No Holiday,Yes
2018-02-26,555,16,9.5,31,3.1,973,-6.8,1.54,0.0,0.0,Winter,No Holiday,Yes
2018-02-26,646,17,8.7,30,3.1,1117,-7.9,0.96,0.0,0.0,Winter,No Holiday,Yes
2018-02-26,929,18,7.2,26,2.3,1398,-11.0,0.33,0.0,0.0,Winter,No Holiday,Yes
2018-02-26,619,19,5.5,30,2.7,1150,-10.7,0.01,0.0,0.0,Winter,No Holiday,Yes
2018-02-26,483,20,4.3,32,1.7,1101,-10.9,0.0,0.0,0.0,Winter,No Holiday,Yes
2018-02-26,512,21,3.3,36,1.4,1110,-10.3,0.0,0.0,0.0,Winter,No Holiday,Yes
2018-02-26,443,22,2.7,40,1.0,1089,-9.5,0.0,0.0,0.0,Winter,No Holiday,Yes
2018-02-26,308,23,2.8,39,0.7,1065,-9.8,0.0,0.0,0.0,Winter,No Holiday,Yes
2018-02-27,236,0,2.6,40,1.8,1095,-9.6,0.0,0.0,0.0,Winter,No Holiday,Yes
2018-02-27,213,1,2.1,44,0.9,1107,-8.9,0.0,0.0,0.0,Winter,No Holiday,Yes
2018-02-27,145,2,1.5,44,1.2,1079,-9.4,0.0,0.0,0.0,Winter,No Holiday,Yes
2018-02-27,102,3,1.1,44,1.0,1128,-9.8,0.0,0.0,0.0,Winter,No Holiday,Yes
2018-02-27,62,4,0.9,46,0.8,1140,-9.4,0.0,0.0,0.0,Winter,No Holiday,Yes
2018-02-27,72,5,0.6,50,0.1,1026,-8.6,0.0,0.0,0.0,Winter,No Holiday,Yes
2018-02-27,183,6,0.6,50,0.4,985,-8.6,0.0,0.0,0.0,Winter,No Holiday,Yes
2018-02-27,443,7,1.3,47,0.7,1084,-8.7,0.0,0.0,0.0,Winter,No Holiday,Yes
2018-02-27,767,8,2.0,51,0.7,990,-7.0,0.0,0.0,0.0,Winter,No Holiday,Yes
2018-02-27,455,9,2.5,51,1.0,866,-6.6,0.07,0.0,0.0,Winter,No Holiday,Yes
2018-02-27,261,10,3.3,47,0.7,818,-6.9,0.22,0.0,0.0,Winter,No Holiday,Yes
2018-02-27,342,11,4.8,41,0.8,792,-7.3,0.53,0.0,0.0,Winter,No Holiday,Yes
2018-02-27,353,12,5.4,37,0.7,815,-8.1,0.43,0.0,0.0,Winter,No Holiday,Yes
2018-02-27,335,13,5.8,39,0.6,931,-7.1,0.35,0.0,0.0,Winter,No Holiday,Yes
2018-02-27,357,14,6.3,40,0.8,943,-6.3,0.34,0.0,0.0,Winter,No Holiday,Yes
2018-02-27,402,15,6.7,48,0.8,817,-3.5,0.39,0.0,0.0,Winter,No Holiday,Yes
2018-02-27,411,16,6.9,54,1.1,692,-1.7,0.32,0.0,0.0,Winter,No Holiday,Yes
2018-02-27,529,17,6.8,57,1.0,623,-1.1,0.16,0.0,0.0,Winter,No Holiday,Yes
2018-02-27,897,18,6.6,62,0.8,522,-0.1,0.05,0.0,0.0,Winter,No Holiday,Yes
2018-02-27,616,19,6.1,44,1.0,750,-5.2,0.0,0.0,0.0,Winter,No Holiday,Yes
2018-02-27,461,20,5.9,44,1.3,733,-5.4,0.0,0.0,0.0,Winter,No Holiday,Yes
2018-02-27,449,21,5.7,46,0.8,727,-5.0,0.0,0.0,0.0,Winter,No Holiday,Yes
2018-02-27,461,22,5.4,49,1.1,687,-4.4,0.0,0.0,0.0,Winter,No Holiday,Yes
2018-02-27,310,23,5.3,53,1.5,582,-3.5,0.0,0.0,0.0,Winter,No Holiday,Yes
2018-02-28,266,0,5.1,52,1.1,614,-3.9,0.0,0.0,0.0,Winter,No Holiday,Yes
2018-02-28,229,1,5.0,53,1.4,557,-3.8,0.0,0.0,0.0,Winter,No Holiday,Yes
2018-02-28,174,2,5.2,54,1.3,516,-3.3,0.0,0.0,0.0,Winter,No Holiday,Yes
2018-02-28,116,3,5.3,55,1.7,488,-3.0,0.0,0.0,0.0,Winter,No Holiday,Yes
2018-02-28,72,4,5.4,56,1.7,472,-2.6,0.0,0.0,0.0,Winter,No Holiday,Yes
2018-02-28,62,5,5.2,59,1.7,437,-2.1,0.0,0.0,0.0,Winter,No Holiday,Yes
2018-02-28,165,6,5.2,60,1.9,430,-1.9,0.0,0.0,0.0,Winter,No Holiday,Yes
2018-02-28,426,7,5.5,59,2.8,448,-1.8,0.0,0.0,0.0,Winter,No Holiday,Yes
2018-02-28,816,8,5.7,57,2.5,458,-2.1,0.04,0.0,0.0,Winter,No Holiday,Yes
2018-02-28,419,9,6.2,55,2.4,478,-2.1,0.13,0.0,0.0,Winter,No Holiday,Yes
2018-02-28,285,10,6.5,53,2.0,518,-2.4,0.21,0.0,0.0,Winter,No Holiday,Yes
2018-02-28,332,11,7.1,50,2.2,534,-2.6,0.33,0.0,0.0,Winter,No Holiday,Yes
2018-02-28,305,12,7.6,48,2.6,600,-2.7,0.39,0.0,0.0,Winter,No Holiday,Yes
2018-02-28,28,13,7.6,57,2.3,554,-0.3,0.33,0.0,0.0,Winter,No Holiday,Yes
2018-02-28,17,14,5.7,80,3.7,348,2.5,0.13,0.0,0.0,Winter,No Holiday,Yes
2018-02-28,7,15,4.8,87,2.9,312,2.8,0.08,4.5,0.0,Winter,No Holiday,Yes
2018-02-28,9,16,4.2,89,2.5,479,2.5,0.07,0.0,0.0,Winter,No Holiday,Yes
2018-02-28,8,17,3.8,90,2.7,654,2.3,0.0,0.0,0.0,Winter,No Holiday,Yes
2018-02-28,11,18,3.6,90,2.1,845,2.1,0.0,9.5,0.0,Winter,No Holiday,Yes
2018-02-28,19,19,2.5,95,1.9,838,1.7,0.0,0.0,0.0,Winter,No Holiday,Yes
2018-02-28,8,20,2.7,96,1.5,1479,2.1,0.0,0.0,0.0,Winter,No Holiday,Yes
2018-02-28,10,21,2.4,95,2.5,1349,1.6,0.0,9.0,0.0,Winter,No Holiday,Yes
2018-02-28,13,22,2.3,96,1.9,1207,1.7,0.0,0.0,0.0,Winter,No Holiday,Yes
2018-02-28,23,23,1.8,96,1.2,745,1.2,0.0,0.0,0.0,Winter,No Holiday,Yes
